tradeday,account,nav
2017-06-16,XLIN01,1012.7
2017-06-19,XLIN01,1037.15
2017-06-20,XLIN01,1022.25
2017-06-21,XLIN01,1043.9
2017-06-22,XLIN01,1051.05
2017-06-23,XLIN01,1068.25
2017-06-26,XLIN01,1069.8
2017-06-27,XLIN01,1049.9
2017-06-28,XLIN01,1070.3
2017-06-29,XLIN01,1049.75
2017-06-30,XLIN01,2047.3500000000001
2017-07-03,XLIN01,2054.1
2017-07-04,XLIN01,2054.1
2017-07-05,XLIN01,2048.7
2017-07-06,XLIN01,2037.3799999999999
2017-07-07,XLIN01,2040.63
2017-07-10,XLIN01,2028.3200000000002
2017-07-11,XLIN01,2037.66
2017-07-12,XLIN01,2358.85
2017-07-13,XLIN01,2364.78
2017-07-14,XLIN01,2902.6500000000005
2017-07-17,XLIN01,2896.0300000000007
2017-07-18,XLIN01,2893.4100000000003
2017-07-19,XLIN01,2922.6400000000003
2017-07-20,XLIN01,2938.9100000000003
2017-07-21,XLIN01,2932.95
2017-07-24,XLIN01,2933.0699999999997
2017-07-25,XLIN01,2968.4300000000003
2017-07-26,XLIN01,2995.8900000000003
2017-07-27,XLIN01,2970.29
2017-07-28,XLIN01,2978.63
2017-07-31,XLIN01,3478.8500000000004
2017-08-01,XLIN01,3670.01
2017-08-02,XLIN01,3660.8599999999997
2017-08-03,XLIN01,3632.1900000000005
2017-08-04,XLIN01,3644.9700000000003
2017-08-07,XLIN01,3671.8100000000004
2017-08-08,XLIN01,3654.8500000000004
2017-08-09,XLIN01,3642.2200000000007
2017-08-10,XLIN01,3572.6800000000007
2017-08-11,XLIN01,3582.8750000000005
2017-08-14,XLIN01,3580.3650000000007
2017-08-15,XLIN01,3556.6550000000007
2017-08-16,XLIN01,3557.3350000000005
2017-08-17,XLIN01,3491.0850000000005
2017-08-18,XLIN01,3477.125000000001
2017-08-21,XLIN01,3476.3450000000007
2017-08-22,XLIN01,3521.155
2017-08-23,XLIN01,3520.8050000000003
2017-08-24,XLIN01,3433.9050000000007
2017-08-25,XLIN01,3454.8950000000004
2017-08-28,XLIN01,3455.8050000000003
2017-08-29,XLIN01,3472.2850000000008
2017-08-30,XLIN01,3513.5750000000007
2017-08-31,XLIN01,3509.0250000000005
2017-09-01,XLIN01,3542.685000000001
2017-09-04,XLIN01,3542.685000000001
2017-09-05,XLIN01,3518.155
2017-09-06,XLIN01,3547.1950000000006
2017-09-07,XLIN01,3586.3750000000005
2017-09-08,XLIN01,3491.2750000000005
2017-09-11,XLIN01,3532.2150000000006
2017-09-12,XLIN01,3577.175
2017-09-13,XLIN01,3609.7250000000004
2017-09-14,XLIN01,3582.635
2017-09-15,XLIN01,3591.8650000000007
2017-09-18,XLIN01,3563.4650000000006
2017-09-19,XLIN01,3554.8550000000005
2017-09-20,XLIN01,3541.9850000000006
2017-09-21,XLIN01,3491.775000000001
2017-09-22,XLIN01,3489.8050000000003
2017-09-25,XLIN01,3448.745000000001
2017-09-26,XLIN01,3440.0450000000005
2017-09-27,XLIN01,3428.9850000000006
2017-09-28,XLIN01,3415.995000000001
2017-09-29,XLIN01,3402.735
2017-10-02,XLIN01,3406.5550000000007
2017-10-03,XLIN01,3455.815000000001
2017-10-04,XLIN01,3459.7050000000004
2017-10-05,XLIN01,3497.3550000000005
2017-10-06,XLIN01,3482.0950000000007
2017-10-09,XLIN01,3454.7950000000005
2017-10-10,XLIN01,3482.9950000000003
2017-10-11,XLIN01,3495.5150000000003
2017-10-12,XLIN01,3520.215
2017-10-13,XLIN01,3556.475000000001
2017-10-16,XLIN01,3511.0550000000007
2017-10-17,XLIN01,3516.8350000000005
2017-10-18,XLIN01,3517.745000000001
2017-10-19,XLIN01,3519.065
2017-10-20,XLIN01,3522.9850000000006
2017-10-23,XLIN01,3503.3850000000007
2017-10-24,XLIN01,3509.7950000000005
2017-10-25,XLIN01,3432.0750000000007
2017-10-26,XLIN01,3517.125000000001
2017-10-27,XLIN01,3546.7250000000004
2017-10-30,XLIN01,3525.6250000000005
2017-10-31,XLIN01,3521.475000000001
2017-11-01,XLIN01,6028.8150000000005
2017-11-02,XLIN01,6044.535000000001
2017-11-03,XLIN01,6057.715
2017-11-06,XLIN01,6029.615
2017-11-07,XLIN01,6046.975000000001
2017-11-08,XLIN01,6069.575000000001
2017-11-09,XLIN01,6065.055000000001
2017-11-10,XLIN01,6117.085000000001
2017-11-13,XLIN01,6141.745000000001
2017-11-14,XLIN01,6123.860000000001
2017-11-15,XLIN01,6114.550000000002
2017-11-16,XLIN01,6187.320000000001
2017-11-17,XLIN01,6286.180000000002
2017-11-20,XLIN01,6256.200000000003
2017-11-21,XLIN01,6280.580000000001
2017-11-22,XLIN01,6308.300000000002
2017-11-23,XLIN01,6308.300000000002
2017-11-24,XLIN01,6298.620000000002
2017-11-27,XLIN01,6195.49
2017-11-28,XLIN01,6265.870000000001
2017-11-29,XLIN01,6254.800000000001
2017-11-30,XLIN01,6333.650000000001
2017-12-01,XLIN01,6332.286000000002
2017-12-04,XLIN01,6396.636000000001
2017-12-05,XLIN01,6398.766000000001
2017-12-06,XLIN01,6403.816000000001
2017-12-07,XLIN01,6421.076000000001
2017-12-08,XLIN01,6438.5960000000005
2017-12-11,XLIN01,6461.166
2017-12-12,XLIN01,6446.746000000001
2017-12-13,XLIN01,6484.356000000001
2017-12-14,XLIN01,6467.996000000002
2017-12-15,XLIN01,6492.966000000001
2017-12-18,XLIN01,6617.906000000002
2017-12-19,XLIN01,6634.796000000001
2017-12-20,XLIN01,6571.206000000001
2017-12-21,XLIN01,6557.508000000002
2017-12-22,XLIN01,6568.828000000001
2017-12-25,XLIN01,6568.828000000001
2017-12-26,XLIN01,6529.468000000002
2017-12-27,XLIN01,6545.688000000002
2017-12-28,XLIN01,6537.278000000001
2017-12-29,XLIN01,6485.728000000001
2018-01-01,XLIN01,6485.728000000001
2018-01-02,XLIN01,6586.828
2018-01-03,XLIN01,6663.678000000002
2018-01-04,XLIN01,6626.758000000001
2018-01-05,XLIN01,6740.4580000000005
2018-01-08,XLIN01,6791.568000000001
2018-01-09,XLIN01,7777.3380000000025
2018-01-10,XLIN01,7758.438
2018-01-11,XLIN01,7812.767999999999
2018-01-12,XLIN01,7883.768000000001
2018-01-15,XLIN01,7883.768000000001
2018-01-16,XLIN01,7861.6680000000015
2018-01-17,XLIN01,7913.308000000002
2018-01-18,XLIN01,7914.068000000001
2018-01-19,XLIN01,8000.558000000001
2018-01-22,XLIN01,8012.977999999999
2018-01-23,XLIN01,7976.518000000001
2018-01-24,XLIN01,7977.778
2018-01-25,XLIN01,8035.118
2018-01-26,XLIN01,8175.178
2018-01-29,XLIN01,8154.218000000003
2018-01-30,XLIN01,8099.5380000000005
2018-01-31,XLIN01,8107.118000000001
2018-02-01,XLIN01,8119.696000000002
2018-02-02,XLIN01,7948.676000000001
2018-02-05,XLIN01,7711.176
2018-02-06,XLIN01,7763.036000000002
2018-02-07,XLIN01,7698.326000000002
2018-02-08,XLIN01,7545.836000000001
2018-02-09,XLIN01,7566.356000000002
2018-02-12,XLIN01,7548.136
2018-02-13,XLIN01,7690.386000000001
2018-02-14,XLIN01,7866.361000000001
2018-02-15,XLIN01,7934.621000000001
2018-02-16,XLIN01,7972.491000000001
2018-02-19,XLIN01,7972.491000000001
2018-02-20,XLIN01,7941.321000000002
2018-02-21,XLIN01,12945.801000000001
2018-02-22,XLIN01,12916.181
2018-02-23,XLIN01,13010.780999999999
2018-02-26,XLIN01,13045.610999999999
2018-02-27,XLIN01,12938.760999999999
2018-02-28,XLIN01,12904.491
2018-03-01,XLIN01,12864.000999999998
2018-03-02,XLIN01,12904.061
2018-03-05,XLIN01,13064.391000000001
2018-03-06,XLIN01,13052.891
2018-03-07,XLIN01,13030.751000000004
2018-03-08,XLIN01,12913.341000000002
2018-03-09,XLIN01,14656.851
2018-03-12,XLIN01,14678.201000000001
2018-03-13,XLIN01,14609.470999999998
2018-03-14,XLIN01,14619.121000000001
2018-03-15,XLIN01,14637.691000000003
2018-03-16,XLIN01,14661.791000000001
2018-03-19,XLIN01,14480.930999999999
2018-03-20,XLIN01,11353.971000000001
2018-03-21,XLIN01,11412.851
2018-03-22,XLIN01,11264.421000000002
2018-03-23,XLIN01,11072.471000000003
2018-03-26,XLIN01,11306.091000000002
2018-03-27,XLIN01,11087.241000000002
2018-03-28,XLIN01,11092.791
2018-03-29,XLIN01,11191.081
2018-03-30,XLIN01,11191.081
2018-04-02,XLIN01,10927.927000000003
2018-04-03,XLIN01,11009.987000000001
2018-04-04,XLIN01,11172.777000000002
2018-04-05,XLIN01,11212.477000000003
2018-04-06,XLIN01,11046.617000000002
2018-04-09,XLIN01,11026.847000000003
2018-04-10,XLIN01,11158.267000000003
2018-04-11,XLIN01,11161.187000000004
2018-04-12,XLIN01,11194.237000000001
2018-04-13,XLIN01,11150.357000000002
2018-04-16,XLIN01,11245.397
2018-04-17,XLIN01,11408.407000000001
2018-04-18,XLIN01,11444.847000000002
2018-04-19,XLIN01,11362.917000000001
2018-04-20,XLIN01,11291.897000000003
2018-04-23,XLIN01,11282.857000000002
2018-04-24,XLIN01,11238.867000000002
2018-04-25,XLIN01,11214.687000000002
2018-04-26,XLIN01,11584.857000000002
2018-04-27,XLIN01,11556.527000000002
2018-04-30,XLIN01,11637.847
2018-05-01,XLIN01,11550.069000000003
2018-05-02,XLIN01,11382.079000000003
2018-05-03,XLIN01,11319.909000000003
2018-05-04,XLIN01,11485.909000000001
2018-05-07,XLIN01,11468.609000000002
2018-05-08,XLIN01,11512.859000000002
2018-05-09,XLIN01,11538.209
2018-05-10,XLIN01,11573.979000000003
2018-05-11,XLIN01,11609.059000000003
2018-05-14,XLIN01,11646.784
2018-05-15,XLIN01,11593.304
2018-05-16,XLIN01,11721.374000000003
2018-05-17,XLIN01,11697.604000000003
2018-05-18,XLIN01,11608.884000000002
2018-05-21,XLIN01,11695.974000000004
2018-05-22,XLIN01,11600.584
2018-05-23,XLIN01,11662.284000000003
2018-05-24,XLIN01,11673.964000000004
2018-05-25,XLIN01,11679.724000000002
2018-05-28,XLIN01,11679.724000000002
2018-05-29,XLIN01,11688.594000000003
2018-05-30,XLIN01,11819.104000000001
2018-05-31,XLIN01,11701.262
2018-06-01,XLIN01,11828.324000000002
2018-06-04,XLIN01,12012.294000000004
2018-06-05,XLIN01,12132.854000000003
2018-06-06,XLIN01,12195.104000000001
2018-06-07,XLIN01,12239.624000000002
2018-06-08,XLIN01,12346.914
2018-06-11,XLIN01,12410.374000000003
2018-06-12,XLIN01,12555.154000000002
2018-06-13,XLIN01,12537.484000000002
2018-06-14,XLIN01,12662.804
2018-06-15,XLIN01,12627.724000000002
2018-06-18,XLIN01,12665.804000000004
2018-06-19,XLIN01,12604.094000000003
2018-06-20,XLIN01,12650.794000000002
2018-06-21,XLIN01,12827.694000000005
2018-06-22,XLIN01,12993.604000000001
2018-06-25,XLIN01,12743.014000000003
2018-06-26,XLIN01,12775.904000000002
2018-06-27,XLIN01,12614.874
2018-06-28,XLIN01,12542.834000000003
2018-06-29,XLIN01,12530.734
2018-07-02,XLIN01,12582.224000000004
2018-07-03,XLIN01,12588.704000000002
2018-07-04,XLIN01,12588.704000000002
2018-07-05,XLIN01,12657.154000000002
2018-07-06,XLIN01,12851.604000000005
2018-07-09,XLIN01,12790.134
2018-07-10,XLIN01,12761.354000000003
2018-07-11,XLIN01,12639.564
2018-07-12,XLIN01,12724.274
2018-07-13,XLIN01,17723.804
2018-07-16,XLIN01,17695.844
2018-07-17,XLIN01,17813.343999999997
2018-07-18,XLIN01,17738.844
2018-07-19,XLIN01,17696.024
2018-07-20,XLIN01,17631.324000000004
2018-07-23,XLIN01,17600.864
2018-07-24,XLIN01,17399.334000000006
2018-07-25,XLIN01,17778.324
2018-07-26,XLIN01,17776.534
2018-07-27,XLIN01,17622.774
2018-07-30,XLIN01,17210.674000000003
2018-07-31,XLIN01,17065.724000000002
2018-08-01,XLIN01,17133.598
2018-08-02,XLIN01,17014.258
2018-08-03,XLIN01,17257.458
2018-08-06,XLIN01,17323.588000000003
2018-08-07,XLIN01,17386.678000000004
2018-08-08,XLIN01,17557.288000000004
2018-08-09,XLIN01,17522.698
2018-08-10,XLIN01,17477.288
2018-08-13,XLIN01,17455.398
2018-08-14,XLIN01,17619.268000000004
2018-08-15,XLIN01,17502.228
2018-08-16,XLIN01,17694.448
2018-08-17,XLIN01,17847.478000000003
2018-08-20,XLIN01,17916.338
2018-08-21,XLIN01,18038.048
2018-08-22,XLIN01,18120.768
2018-08-23,XLIN01,18237.098
2018-08-24,XLIN01,18271.358
2018-08-27,XLIN01,18212.237999999998
2018-08-28,XLIN01,18279.268
2018-08-29,XLIN01,18363.808000000005
2018-08-30,XLIN01,18322.698
2018-08-31,XLIN01,18378.518
2018-09-03,XLIN01,18378.518
2018-09-04,XLIN01,18448.802000000003
2018-09-05,XLIN01,20088.291999999998
2018-09-06,XLIN01,20124.99
2018-09-07,XLIN01,20102.680000000004
2018-09-10,XLIN01,20150.24
2018-09-11,XLIN01,20167.69
2018-09-12,XLIN01,20168.289999999997
2018-09-13,XLIN01,20078.020000000004
2018-09-14,XLIN01,19916.65
2018-09-17,XLIN01,19679.2
2018-09-18,XLIN01,19782.6
2018-09-19,XLIN01,19652.600000000006
2018-09-20,XLIN01,19919.44
2018-09-21,XLIN01,19824.170000000002
2018-09-24,XLIN01,19585.530000000002
2018-09-25,XLIN01,19869.25
2018-09-26,XLIN01,19908.190000000002
2018-09-27,XLIN01,19951.18
2018-09-28,XLIN01,19994.159999999996
2018-10-01,XLIN01,19759.356000000003
2018-10-02,XLIN01,19531.136
2018-10-03,XLIN01,19444.576000000005
2018-10-04,XLIN01,19089.316
2018-10-05,XLIN01,19038.796000000002
2018-10-08,XLIN01,18837.215999999997
2018-10-09,XLIN01,18707.236
2018-10-10,XLIN01,18165.816000000003
2018-10-11,XLIN01,17918.566
2018-10-12,XLIN01,18315.525999999998
2018-10-15,XLIN01,18274.696
2018-10-16,XLIN01,18574.676
2018-10-17,XLIN01,18527.926
2018-10-18,XLIN01,18353.865999999998
2018-10-19,XLIN01,17813.606000000003
2018-10-22,XLIN01,17926.686
2018-10-23,XLIN01,18065.826
2018-10-24,XLIN01,17464.876
2018-10-25,XLIN01,17909.386
2018-10-26,XLIN01,17779.576
2018-10-29,XLIN01,17872.166
2018-10-30,XLIN01,18457.246
2018-10-31,XLIN01,18879.866000000005
2018-11-01,XLIN01,19076.098
2018-11-02,XLIN01,19004.07800000001
2018-11-05,XLIN01,19059.698000000004
2018-11-06,XLIN01,18923.148000000005
2018-11-07,XLIN01,19334.118000000006
2018-11-08,XLIN01,20085.018000000004
2018-11-09,XLIN01,19928.808000000005
2018-11-12,XLIN01,19610.088000000003
2018-11-13,XLIN01,19696.898
2018-11-14,XLIN01,19514.998000000003
2018-11-15,XLIN01,19789.908
2018-11-16,XLIN01,19713.868000000002
2018-11-19,XLIN01,19009.077999999998
2018-11-20,XLIN01,18664.698000000004
2018-11-21,XLIN01,18862.338000000003
2018-11-22,XLIN01,18862.338000000003
2018-11-23,XLIN01,18838.338000000003
2018-11-26,XLIN01,19224.438000000002
2018-11-27,XLIN01,19249.148
2018-11-28,XLIN01,19910.097999999998
2018-11-29,XLIN01,19966.098
2018-11-30,XLIN01,20014.078
2018-12-03,XLIN01,20318.652000000002
2018-12-04,XLIN01,19698.072000000004
2018-12-05,XLIN01,19698.072000000004
2018-12-06,XLIN01,19819.88
2018-12-07,XLIN01,19347.600000000006
2018-12-10,XLIN01,19452.280000000006
2018-12-11,XLIN01,19529.49
2018-12-12,XLIN01,19753.440000000002
2018-12-13,XLIN01,19829.15000000001
2018-12-14,XLIN01,19558.69
2018-12-17,XLIN01,18976.360000000004
2018-12-18,XLIN01,18840.186
2018-12-19,XLIN01,18595.676
2018-12-20,XLIN01,18172.406000000006
2018-12-21,XLIN01,17852.516000000007
2018-12-24,XLIN01,17434.446
2018-12-25,XLIN01,17434.446
2018-12-26,XLIN01,18406.436000000005
2018-12-27,XLIN01,18727.226000000006
2018-12-28,XLIN01,18898.176000000003
2018-12-31,XLIN01,18915.446
2019-01-01,XLIN01,18915.446
2019-01-02,XLIN01,19001.126000000004
2019-01-03,XLIN01,18503.626000000004
2019-01-04,XLIN01,19128.086
2019-01-07,XLIN01,19605.826000000005
2019-01-08,XLIN01,19879.596000000005
2019-01-09,XLIN01,20059.056000000004
2019-01-10,XLIN01,20183.906000000006
2019-01-11,XLIN01,20152.806
2019-01-14,XLIN01,19939.596
2019-01-15,XLIN01,20551.586000000003
2019-01-16,XLIN01,20444.476
2019-01-17,XLIN01,20383.056000000004
2019-01-18,XLIN01,40610.72600000001
2019-01-21,XLIN01,40610.72600000001
2019-01-22,XLIN01,40449.95600000001
2019-01-23,XLIN01,40520.48599999999
2019-01-24,XLIN01,40584.266
2019-01-25,XLIN01,40921.316
2019-01-28,XLIN01,40687.076
2019-01-29,XLIN01,40344.366
2019-01-30,XLIN01,40881.226
2019-01-31,XLIN01,41567.346
2019-02-01,XLIN01,41601.409999999996
2019-02-04,XLIN01,41996.47
2019-02-05,XLIN01,42301.470000000016
2019-02-06,XLIN01,42195.939999999995
2019-02-07,XLIN01,41823.27
2019-02-08,XLIN01,41972.53999999999
2019-02-11,XLIN01,42271.33999999999
2019-02-12,XLIN01,42317.41
2019-02-13,XLIN01,42131.810000000005
2019-02-14,XLIN01,41971.53999999999
2019-02-15,XLIN01,41988.84
2019-02-18,XLIN01,41988.84
2019-02-19,XLIN01,42210.92
2019-02-20,XLIN01,41997.48
2019-02-21,XLIN01,41860.89000000001
2019-02-22,XLIN01,42320.02000000001
2019-02-25,XLIN01,42359.69
2019-02-26,XLIN01,42286.28999999999
2019-02-27,XLIN01,42147.119999999995
2019-02-28,XLIN01,42331.75800000001
2019-03-01,XLIN01,42516.23200000001
2019-03-04,XLIN01,42143.292
2019-03-05,XLIN01,42330.582
2019-03-06,XLIN01,42160.64199999999
2019-03-07,XLIN01,41529.882
2019-03-08,XLIN01,41284.901999999995
2019-03-11,XLIN01,41922.94200000001
2019-03-12,XLIN01,42170.01199999999
2019-03-13,XLIN01,42261.731999999996
2019-03-14,XLIN01,42166.231999999996
2019-03-15,XLIN01,42254.232
2019-03-18,XLIN01,42172.062000000005
2019-03-19,XLIN01,42346.322
2019-03-20,XLIN01,42451.442
2019-03-21,XLIN01,42706.212000000014
2019-03-22,XLIN01,42184.63200000001
2019-03-25,XLIN01,42119.152
2019-03-26,XLIN01,42162.64199999999
2019-03-27,XLIN01,41913.24199999999
2019-03-28,XLIN01,42034.30200000001
2019-03-29,XLIN01,42210.272
2019-04-01,XLIN01,42516.575999999994
2019-04-02,XLIN01,42599.236
2019-04-03,XLIN01,42745.265999999996
2019-04-04,XLIN01,42757.856
2019-04-05,XLIN01,42812.336
2019-04-08,XLIN01,42818.13599999999
2019-04-09,XLIN01,42751.556
2019-04-10,XLIN01,42843.646
2019-04-11,XLIN01,42829.716000000015
2019-04-12,XLIN01,42940.56600000001
2019-04-15,XLIN01,42904.79600000001
2019-04-16,XLIN01,42844.58600000001
2019-04-17,XLIN01,42745.40599999999
2019-04-18,XLIN01,42824.736000000004
2019-04-19,XLIN01,42824.736000000004
2019-04-22,XLIN01,43039.596000000005
2019-04-23,XLIN01,43434.896
2019-04-24,XLIN01,43331.04600000001
2019-04-25,XLIN01,43694.61600000001
2019-04-26,XLIN01,43772.18600000001
2019-04-29,XLIN01,43997.975999999995
2019-04-30,XLIN01,43640.335999999996
2019-05-01,XLIN01,43481.342
2019-05-02,XLIN01,42997.481999999996
2019-05-03,XLIN01,43255.61200000001
2019-05-06,XLIN01,43280.731999999996
2019-05-07,XLIN01,42868.362
2019-05-08,XLIN01,42744.482
2019-05-09,XLIN01,42692.802
2019-05-10,XLIN01,42779.32200000001
2019-05-13,XLIN01,42117.151999999995
2019-05-14,XLIN01,42270.962
2019-05-15,XLIN01,42470.692
2019-05-16,XLIN01,42739.10199999999
2019-05-17,XLIN01,42410.342
2019-05-20,XLIN01,42253.121999999996
2019-05-21,XLIN01,42393.111999999994
2019-05-22,XLIN01,42449.162
2019-05-23,XLIN01,42192.952
2019-05-24,XLIN01,42150.982
2019-05-27,XLIN01,42150.982
2019-05-28,XLIN01,42135.79200000001
2019-05-29,XLIN01,41837.39200000001
2019-05-30,XLIN01,41968.28199999999
2019-05-31,XLIN01,41435.18200000001
2019-06-03,XLIN01,40752.64
2019-06-04,XLIN01,41235.21000000001
2019-06-05,XLIN01,41481.73000000001
2019-06-06,XLIN01,41578.78
2019-06-07,XLIN01,41930.47
2019-06-10,XLIN01,41742.54
2019-06-11,XLIN01,41720.06999999999
2019-06-12,XLIN01,41690.04999999999
2019-06-13,XLIN01,41787.490000000005
2019-06-14,XLIN01,41694.44
2019-06-17,XLIN01,41859.581000000006
2019-06-18,XLIN01,41861.081000000006
2019-06-19,XLIN01,42042.530999999995
2019-06-20,XLIN01,42176.710999999996
2019-06-21,XLIN01,42209.001000000004
2019-06-24,XLIN01,42015.460999999996
2019-06-25,XLIN01,41677.431
2019-06-26,XLIN01,41570.461
2019-06-27,XLIN01,41777.02100000001
2019-06-28,XLIN01,41998.621
2019-07-01,XLIN01,42135.231
2019-07-02,XLIN01,42283.741
2019-07-03,XLIN01,42440.52100000001
2019-07-04,XLIN01,42440.52100000001
2019-07-05,XLIN01,42421.846
2019-07-08,XLIN01,42312.780999999995
2019-07-09,XLIN01,42496.051
2019-07-10,XLIN01,42656.181
2019-07-11,XLIN01,42724.570999999996
2019-07-12,XLIN01,42909.201
2019-07-15,XLIN01,42967.44099999999
2019-07-16,XLIN01,42997.121000000014
2019-07-17,XLIN01,42899.071
2019-07-18,XLIN01,42882.11099999999
2019-07-19,XLIN01,42636.09100000001
2019-07-22,XLIN01,42800.971
2019-07-23,XLIN01,42885.861000000004
2019-07-24,XLIN01,43018.84099999999
2019-07-25,XLIN01,42914.361
2019-07-26,XLIN01,43420.710999999996
2019-07-29,XLIN01,42771.401
2019-07-30,XLIN01,42942.01100000001
2019-07-31,XLIN01,42736.280999999995
2019-08-01,XLIN01,42506.44499999999
2019-08-02,XLIN01,42129.525
2019-08-05,XLIN01,41496.345
2019-08-06,XLIN01,41633.345
2019-08-07,XLIN01,41714.615
2019-08-08,XLIN01,42107.105
2019-08-09,XLIN01,41948.515
2019-08-12,XLIN01,41618.04499999999
2019-08-13,XLIN01,41978.55499999999
2019-08-14,XLIN01,41380.99499999999
2019-08-15,XLIN01,41579.055
2019-08-16,XLIN01,41803.515
2019-08-19,XLIN01,41999.594700000016
2019-08-20,XLIN01,41917.015000000014
2019-08-21,XLIN01,42098.594999999994
2019-08-22,XLIN01,42063.87500000001
2019-08-23,XLIN01,41788.37499999999
2019-08-26,XLIN01,42097.2753
2019-08-27,XLIN01,41968.01470000001
2019-08-28,XLIN01,41987.155
2019-08-29,XLIN01,42362.604999999996
2019-08-30,XLIN01,42323.175
2019-09-02,XLIN01,42323.175
2019-09-03,XLIN01,42078.207
2019-09-04,XLIN01,42325.607
2019-09-05,XLIN01,42661.33669999999
2019-09-06,XLIN01,42469.1467
2019-09-09,XLIN01,42474.127
2019-09-10,XLIN01,42377.227000000006
2019-09-11,XLIN01,42609.416999999994
2019-09-12,XLIN01,42669.867000000006
2019-09-13,XLIN01,42548.717000000004
2019-09-16,XLIN01,42506.467
2019-09-17,XLIN01,42610.847
2019-09-18,XLIN01,42558.407
2019-09-19,XLIN01,42629.687000000005
2019-09-20,XLIN01,42564.68699999999
2019-09-23,XLIN01,42585.47669999999
2019-09-24,XLIN01,42262.36699999999
2019-09-25,XLIN01,42464.83669999999
2019-09-26,XLIN01,42382.057
2019-09-27,XLIN01,42126.467
2018-03-07,XLIN02,23342.0
2018-03-08,XLIN02,23342.0
2018-03-09,XLIN02,23342.0
2018-03-12,XLIN02,23342.0
2018-03-13,XLIN02,23342.0
2018-03-14,XLIN02,23342.0
2018-03-15,XLIN02,23342.0
2018-03-16,XLIN02,23342.0
2018-03-19,XLIN02,23342.0
2018-03-20,XLIN02,23342.0
2018-03-21,XLIN02,23318.4945
2018-03-22,XLIN02,22883.244499999997
2018-03-23,XLIN02,22609.7945
2018-03-26,XLIN02,22852.0945
2018-03-27,XLIN02,22546.4945
2018-03-28,XLIN02,22558.4945
2018-03-29,XLIN02,22807.4445
2018-03-30,XLIN02,22807.4445
2018-04-02,XLIN02,22458.344500000003
2018-04-03,XLIN02,22528.9945
2018-04-04,XLIN02,22679.094500000003
2018-04-05,XLIN02,22775.144500000002
2018-04-06,XLIN02,22528.0445
2018-04-09,XLIN02,22620.144500000002
2018-04-10,XLIN02,22901.794500000004
2018-04-11,XLIN02,22893.944499999998
2018-04-12,XLIN02,22829.944499999998
2018-04-13,XLIN02,22747.494499999997
2018-04-16,XLIN02,22844.6945
2018-04-17,XLIN02,23045.2445
2018-04-18,XLIN02,22937.894500000002
2018-04-19,XLIN02,22862.9445
2018-04-20,XLIN02,22675.3445
2018-04-23,XLIN02,22658.244499999997
2018-04-24,XLIN02,22425.6945
2018-04-25,XLIN02,22340.694499999998
2018-04-26,XLIN02,22585.344499999996
2018-04-27,XLIN02,22644.2445
2018-04-30,XLIN02,22513.694499999998
2018-05-01,XLIN02,22254.694499999998
2018-05-02,XLIN02,22113.5445
2018-05-03,XLIN02,22055.9445
2018-05-04,XLIN02,22314.794499999996
2018-05-07,XLIN02,22406.8945
2018-05-08,XLIN02,22432.7945
2018-05-09,XLIN02,22457.194499999998
2018-05-10,XLIN02,22696.5445
2018-05-11,XLIN02,22744.194499999998
2018-05-14,XLIN02,22748.7445
2018-05-15,XLIN02,22542.5445
2018-05-16,XLIN02,22621.5445
2018-05-17,XLIN02,22572.2195
2018-05-18,XLIN02,22460.0695
2018-05-21,XLIN02,22547.9195
2018-05-22,XLIN02,22491.019500000002
2018-05-23,XLIN02,22636.1195
2018-05-24,XLIN02,22642.0195
2018-05-25,XLIN02,22605.0695
2018-05-28,XLIN02,22605.0695
2018-05-29,XLIN02,22541.6195
2018-05-30,XLIN02,22780.069499999998
2018-05-31,XLIN02,22778.7695
2018-06-01,XLIN02,22998.2195
2018-06-04,XLIN02,23170.8195
2018-06-05,XLIN02,23169.6695
2018-06-06,XLIN02,23285.3695
2018-06-07,XLIN02,23231.094500000003
2018-06-08,XLIN02,23384.794500000004
2018-06-11,XLIN02,23520.2945
2018-06-12,XLIN02,23597.6445
2018-06-13,XLIN02,23432.044499999996
2018-06-14,XLIN02,23653.4945
2018-06-15,XLIN02,23754.3445
2018-06-18,XLIN02,23652.8445
2018-06-19,XLIN02,23585.0945
2018-06-20,XLIN02,23749.5945
2018-06-21,XLIN02,23550.5445
2018-06-22,XLIN02,23554.5945
2018-06-25,XLIN02,23227.794500000004
2018-06-26,XLIN02,23257.8445
2018-06-27,XLIN02,22912.8945
2018-06-28,XLIN02,23186.3445
2018-06-29,XLIN02,23283.094500000003
2018-07-02,XLIN02,23256.2945
2018-07-03,XLIN02,23207.094500000003
2018-07-04,XLIN02,23207.094500000003
2018-07-05,XLIN02,23375.6945
2018-07-06,XLIN02,23625.6945
2018-07-09,XLIN02,23752.0945
2018-07-10,XLIN02,23658.0945
2018-07-11,XLIN02,23493.3445
2018-07-12,XLIN02,23767.744500000004
2018-07-13,XLIN02,23764.1945
2018-07-16,XLIN02,23748.344500000003
2018-07-17,XLIN02,23884.1945
2018-07-18,XLIN02,23816.794500000004
2018-07-19,XLIN02,23644.7945
2018-07-20,XLIN02,23679.8445
2018-07-23,XLIN02,23599.7445
2018-07-24,XLIN02,23739.1945
2018-07-25,XLIN02,23925.8445
2018-07-26,XLIN02,23237.9445
2018-07-27,XLIN02,23105.4445
2018-07-30,XLIN02,22865.194500000005
2018-07-31,XLIN02,22965.694499999998
2018-08-01,XLIN02,22843.4445
2018-08-02,XLIN02,22807.994500000004
2018-08-03,XLIN02,23128.644500000002
2018-08-06,XLIN02,23202.7945
2018-08-07,XLIN02,23258.6445
2018-08-08,XLIN02,23215.894500000002
2018-08-09,XLIN02,23254.6945
2018-08-10,XLIN02,23102.344500000003
2018-08-13,XLIN02,22884.7945
2018-08-14,XLIN02,22883.5445
2018-08-15,XLIN02,22601.1445
2018-08-16,XLIN02,22742.069499999998
2018-08-17,XLIN02,22911.1195
2018-08-20,XLIN02,22998.219500000003
2018-08-21,XLIN02,23035.269500000002
2018-08-22,XLIN02,23037.6195
2018-08-23,XLIN02,22870.119499999997
2018-08-24,XLIN02,23032.894500000002
2018-08-27,XLIN02,23148.3695
2018-08-28,XLIN02,23098.9695
2018-08-29,XLIN02,23095.5195
2018-08-30,XLIN02,22747.669500000004
2018-08-31,XLIN02,22749.869499999997
2018-09-03,XLIN02,22749.869499999997
2018-09-04,XLIN02,22504.469500000003
2018-09-05,XLIN02,22267.7695
2018-09-06,XLIN02,22238.0445
2018-09-07,XLIN02,22233.344500000003
2018-09-10,XLIN02,22206.3445
2018-09-11,XLIN02,22332.044499999996
2018-09-12,XLIN02,22425.394500000002
2018-09-13,XLIN02,22709.344500000003
2018-09-14,XLIN02,22606.4445
2018-09-17,XLIN02,22463.5445
2018-09-18,XLIN02,22519.494499999997
2018-09-19,XLIN02,22572.1945
2018-09-20,XLIN02,22793.0445
2018-09-21,XLIN02,22779.644500000002
2018-09-24,XLIN02,22657.194500000005
2018-09-25,XLIN02,22671.044500000004
2018-09-26,XLIN02,22734.5445
2018-09-27,XLIN02,22783.094500000003
2018-09-28,XLIN02,22752.8445
2018-10-01,XLIN02,22743.2445
2018-10-02,XLIN02,22628.2945
2018-10-03,XLIN02,22699.8445
2018-10-04,XLIN02,22326.7445
2018-10-05,XLIN02,22235.244499999997
2018-10-08,XLIN02,22274.6945
2018-10-09,XLIN02,22172.244500000004
2018-10-10,XLIN02,21385.944499999998
2018-10-11,XLIN02,21019.6945
2018-10-12,XLIN02,21560.7445
2018-10-15,XLIN02,21368.5445
2018-10-16,XLIN02,21814.944499999998
2018-10-17,XLIN02,21863.3445
2018-10-18,XLIN02,21454.094500000003
2018-10-19,XLIN02,21641.7945
2018-10-22,XLIN02,21755.3945
2018-10-23,XLIN02,21606.9445
2018-10-24,XLIN02,20761.6945
2018-10-25,XLIN02,21097.9445
2018-10-26,XLIN02,20645.4445
2018-10-29,XLIN02,20566.5445
2018-10-30,XLIN02,20808.9945
2018-10-31,XLIN02,21244.094500000003
2018-11-01,XLIN02,21693.0945
2018-11-02,XLIN02,21449.5945
2018-11-05,XLIN02,21550.6945
2018-11-06,XLIN02,21626.1945
2018-11-07,XLIN02,21956.4945
2018-11-08,XLIN02,21637.094500000003
2018-11-09,XLIN02,21436.8945
2018-11-12,XLIN02,21118.7945
2018-11-13,XLIN02,21195.4445
2018-11-14,XLIN02,21287.544500000004
2018-11-15,XLIN02,21457.2695
2018-11-16,XLIN02,21350.3695
2018-11-19,XLIN02,20967.019500000002
2018-11-20,XLIN02,20545.7195
2018-11-21,XLIN02,20791.6195
2018-11-22,XLIN02,20791.6195
2018-11-23,XLIN02,20607.2195
2018-11-26,XLIN02,20927.8695
2018-11-27,XLIN02,21016.4695
2018-11-28,XLIN02,21448.069499999998
2018-11-29,XLIN02,21340.869499999997
2018-11-30,XLIN02,21663.519500000002
2018-12-03,XLIN02,21829.869500000004
2018-12-04,XLIN02,21332.8695
2018-12-05,XLIN02,21332.8695
2018-12-06,XLIN02,21285.094500000003
2018-12-07,XLIN02,20899.744500000004
2018-12-10,XLIN02,20983.544500000004
2018-12-11,XLIN02,21018.6945
2018-12-12,XLIN02,21210.394500000002
2018-12-13,XLIN02,21189.144500000006
2018-12-14,XLIN02,20925.094500000003
2018-12-17,XLIN02,20524.644500000006
2018-12-18,XLIN02,20473.894500000006
2018-12-19,XLIN02,20087.5445
2018-12-20,XLIN02,19889.7945
2018-12-21,XLIN02,19629.144500000002
2018-12-24,XLIN02,19179.5945
2018-12-25,XLIN02,19179.5945
2018-12-26,XLIN02,19924.344500000003
2018-12-27,XLIN02,20061.144500000002
2018-12-28,XLIN02,20019.2945
2018-12-31,XLIN02,20044.5945
2019-01-01,XLIN02,20044.5945
2019-01-02,XLIN02,20134.1445
2019-01-03,XLIN02,19711.7945
2019-01-04,XLIN02,20408.5445
2019-01-07,XLIN02,20585.194499999998
2019-01-08,XLIN02,20806.2445
2019-01-09,XLIN02,20952.394500000002
2019-01-10,XLIN02,20986.8945
2019-01-11,XLIN02,21004.094500000003
2019-01-14,XLIN02,20870.094500000003
2019-01-15,XLIN02,21083.894500000002
2019-01-16,XLIN02,21036.0945
2019-01-17,XLIN02,21164.5945
2019-01-18,XLIN02,21395.744500000004
2019-01-21,XLIN02,21395.744500000004
2019-01-22,XLIN02,21121.2445
2019-01-23,XLIN02,21141.444499999998
2019-01-24,XLIN02,21086.6445
2019-01-25,XLIN02,21328.994500000004
2019-01-28,XLIN02,21158.894500000002
2019-01-29,XLIN02,21156.644500000002
2019-01-30,XLIN02,21365.9945
2019-01-31,XLIN02,21898.2445
2019-02-01,XLIN02,21856.544500000004
2019-02-04,XLIN02,21997.144500000002
2019-02-05,XLIN02,22196.344500000003
2019-02-06,XLIN02,22090.394500000002
2019-02-07,XLIN02,21643.794500000004
2019-02-08,XLIN02,21804.1945
2019-02-11,XLIN02,21817.4445
2019-02-12,XLIN02,21934.394500000002
2019-02-13,XLIN02,21871.7445
2019-02-14,XLIN02,21654.4945
2019-02-15,XLIN02,21729.2445
2019-02-18,XLIN02,21729.2445
2019-02-19,XLIN02,21805.844500000003
2019-02-20,XLIN02,21872.0445
2019-02-21,XLIN02,21808.4445
2019-02-22,XLIN02,21764.8445
2019-02-25,XLIN02,21797.894500000002
2019-02-26,XLIN02,21702.5445
2019-02-27,XLIN02,21618.844500000003
2019-02-28,XLIN02,21592.9945
2019-03-01,XLIN02,58786.294499999996
2019-03-04,XLIN02,58897.7945
2019-03-05,XLIN02,59131.944500000005
2019-03-06,XLIN02,59018.9945
2019-03-07,XLIN02,58703.819500000005
2019-03-08,XLIN02,58569.7195
2019-03-11,XLIN02,58995.61950000001
2019-03-12,XLIN02,59006.1195
2019-03-13,XLIN02,59027.2695
2019-03-14,XLIN02,58899.21949999999
2019-03-15,XLIN02,58962.9195
2019-03-18,XLIN02,58956.1195
2019-03-19,XLIN02,58919.4195
2019-03-20,XLIN02,58864.2695
2019-03-21,XLIN02,58975.86949999999
2019-03-22,XLIN02,58634.9195
2019-03-25,XLIN02,58690.319500000005
2019-03-26,XLIN02,58889.669499999996
2019-03-27,XLIN02,58863.96950000001
2019-03-28,XLIN02,58932.169499999996
2019-03-29,XLIN02,59139.61949999999
2019-04-01,XLIN02,59444.06949999999
2019-04-02,XLIN02,59455.269499999995
2019-04-03,XLIN02,59577.1195
2019-04-04,XLIN02,59646.2695
2019-04-05,XLIN02,59759.7195
2019-04-08,XLIN02,59732.0695
2019-04-09,XLIN02,59752.0695
2019-04-10,XLIN02,59844.7695
2019-04-11,XLIN02,59735.8695
2019-04-12,XLIN02,60085.31949999999
2019-04-15,XLIN02,60037.11950000001
2019-04-16,XLIN02,59986.569500000005
2019-04-17,XLIN02,59963.669499999996
2019-04-18,XLIN02,59995.719499999985
2019-04-19,XLIN02,59995.719499999985
2019-04-22,XLIN02,59951.36949999999
2019-04-23,XLIN02,60185.269499999995
2019-04-24,XLIN02,60026.519499999995
2019-04-25,XLIN02,60105.4695
2019-04-26,XLIN02,60180.61949999999
2019-04-29,XLIN02,60229.11949999999
2019-04-30,XLIN02,60260.4695
2019-05-01,XLIN02,60090.019499999995
2019-05-02,XLIN02,60037.8195
2019-05-03,XLIN02,60246.0195
2019-05-06,XLIN02,60071.769499999995
2019-05-07,XLIN02,59700.769499999995
2019-05-08,XLIN02,59789.8195
2019-05-09,XLIN02,59696.6195
2019-05-10,XLIN02,59785.319500000005
2019-05-13,XLIN02,59234.9695
2019-05-14,XLIN02,59482.419499999996
2019-05-15,XLIN02,59677.569500000005
2019-05-16,XLIN02,59860.3695
2019-05-17,XLIN02,59562.66950000001
2019-05-20,XLIN02,59253.71950000001
2019-05-21,XLIN02,59435.16950000002
2019-05-22,XLIN02,59435.91950000001
2019-05-23,XLIN02,59104.6195
2019-05-24,XLIN02,59195.219500000014
2019-05-27,XLIN02,59195.219500000014
2019-05-28,XLIN02,59123.2195
2019-05-29,XLIN02,58960.0195
2019-05-30,XLIN02,58966.06950000001
2019-05-31,XLIN02,58736.11950000001
2019-06-03,XLIN02,58647.7195
2019-06-04,XLIN02,58944.669499999996
2019-06-05,XLIN02,59019.8195
2019-06-06,XLIN02,59144.1945
2019-06-07,XLIN02,59429.7445
2019-06-10,XLIN02,59562.3445
2019-06-11,XLIN02,59575.694500000005
2019-06-12,XLIN02,59455.7945
2019-06-13,XLIN02,59607.49450000001
2019-06-14,XLIN02,59570.9945
2019-06-17,XLIN02,59686.64450000001
2019-06-18,XLIN02,59896.74450000001
2019-06-19,XLIN02,60077.194500000005
2019-06-20,XLIN02,60310.0445
2019-06-21,XLIN02,60235.3945
2019-06-24,XLIN02,60230.1445
2019-06-25,XLIN02,59970.99450000001
2019-06-26,XLIN02,60017.2945
2019-06-27,XLIN02,60165.6945
2019-06-28,XLIN02,60293.094500000014
2019-07-01,XLIN02,60505.294499999996
2019-07-02,XLIN02,60602.7445
2019-07-03,XLIN02,60712.894499999995
2019-07-04,XLIN02,60712.894499999995
2019-07-05,XLIN02,60647.2945
2019-07-08,XLIN02,60469.64450000001
2019-07-09,XLIN02,60515.3445
2019-07-10,XLIN02,60721.34450000001
2019-07-11,XLIN02,60644.19449999999
2019-07-12,XLIN02,60769.9945
2019-07-15,XLIN02,60855.59450000001
2019-07-16,XLIN02,60804.394499999995
2019-07-17,XLIN02,60658.194500000005
2019-07-18,XLIN02,60636.294499999996
2019-07-19,XLIN02,60493.1445
2019-07-22,XLIN02,60488.4945
2019-07-23,XLIN02,60802.49449999999
2019-07-24,XLIN02,60959.8445
2019-07-25,XLIN02,60894.2445
2019-07-26,XLIN02,61026.8445
2019-07-29,XLIN02,60891.694500000005
2019-07-30,XLIN02,60665.294499999996
2019-07-31,XLIN02,60458.94449999999
2019-08-01,XLIN02,60169.7945
2019-08-02,XLIN02,59979.34450000001
2019-08-05,XLIN02,59104.6445
2019-08-06,XLIN02,59425.64450000002
2019-08-07,XLIN02,59453.4445
2019-08-08,XLIN02,59741.7445
2019-08-09,XLIN02,59492.49449999999
2019-08-12,XLIN02,59186.59450000001
2019-08-13,XLIN02,59531.194500000005
2019-08-14,XLIN02,58729.3945
2019-08-15,XLIN02,58782.8945
2019-08-16,XLIN02,59080.74450000001
2019-08-19,XLIN02,59408.194500000005
2019-08-20,XLIN02,59175.6445
2019-08-21,XLIN02,59349.544499999996
2019-08-22,XLIN02,59372.6945
2019-08-23,XLIN02,58916.994500000015
2019-08-26,XLIN02,59259.3945
2019-08-27,XLIN02,59420.14450000001
2019-08-28,XLIN02,59551.1445
2019-08-29,XLIN02,59810.19450000002
2019-08-30,XLIN02,59842.8445
2019-09-02,XLIN02,59842.8445
2019-09-03,XLIN02,59784.49449999999
2019-09-04,XLIN02,60130.59450000001
2019-09-05,XLIN02,60411.88450000001
2019-09-06,XLIN02,60526.5345
2019-09-09,XLIN02,60419.2845
2019-09-10,XLIN02,60294.1845
2019-09-11,XLIN02,60452.53450000001
2019-09-12,XLIN02,60459.1845
2019-09-13,XLIN02,60417.984500000006
2019-09-16,XLIN02,60213.5345
2019-09-17,XLIN02,60272.084500000004
2019-09-18,XLIN02,60222.1345
2019-09-19,XLIN02,60162.88449999999
2019-09-20,XLIN02,60091.834500000004
2019-09-23,XLIN02,60005.8845
2019-09-24,XLIN02,59742.234500000006
2019-09-25,XLIN02,59857.28450000001
2019-09-26,XLIN02,59785.4345
2019-09-27,XLIN02,59491.6345
